{
  "COMMON": {
    "START": "LOS",
    "JAIL": "GEFÄNGNIS",
    "FREE_PARKING": "KOSTENLOSES PARKEN",
    "GO_TO_JAIL": "INS GEFÄNGNIS",
    "CHANCE": "CHANCE",
    "TREASURE": "SCHATZ",
    "TAX": "STEUER",
    "MONEY": "€",
    "YES": "Ja",
    "NO": "Nein",
    "OK": "OK",
    "CANCEL": "Abbrechen",
    "CONFIRM": "Bestätigen",
    "BUY": "Kaufen",
    "SELL": "Verkaufen",
    "PASS": "Passen",
    "END_TURN": "Zug beenden",
    "ROLL_DICE": "Würfeln",
    "SETTINGS": "Einstellungen",
    "RULES": "Regeln",
    "STATISTICS": "Statistik",
    "ACHIEVEMENTS": "Erfolge",
    "TRADE": "Handel",
    "AUCTION": "Auktion",
    "ALLIANCE": "Allianz",
    "TOURNAMENT": "Turnier",
    "CHAT": "Chat",
    "SAVE": "Speichern",
    "LOAD": "Laden",
    "EXPORT": "Exportieren",
    "IMPORT": "Importieren",
    "FULLSCREEN": "Vollbild",
    "SOUND": "Ton",
    "MUSIC": "Musik",
    "LANGUAGE": "Sprache",
    "THEME": "Thema",
    "HELP": "Hilfe",
    "ABOUT": "Über",
    "VERSION": "Version",
    "CREDITS": "Credits",
    "FEEDBACK": "Feedback",
    "BUG_REPORT": "Fehler melden",
    "FEATURE_REQUEST": "Funktion vorschlagen",
    "ACHIEVEMENTS_BTN": "Erfolge",
    "STATISTICS_BTN": "Statistik",
    "TOURNAMENTS_BTN": "Turniere",
    "ACHIEVEMENTS_TITLE": "Erfolge",
    "STATISTICS_TITLE": "Statistik",
    "TOURNAMENTS_TITLE": "Turniere",
    "ACHIEVEMENTS_NONE": "Keine Erfolge",
    "STATISTICS_NONE": "Keine Statistikdaten",
    "TOURNAMENTS_NONE": "Keine aktiven Turniere"
  }
} 