{
  "COMMON": {
    "START": "SALIDA",
    "JAIL": "CÁRCEL",
    "FREE_PARKING": "APARCAMIENTO GRATUITO",
    "GO_TO_JAIL": "VE A LA CÁRCEL",
    "CHANCE": "SUERTE",
    "TREASURE": "TESORO",
    "TAX": "IMPUESTO",
    "MONEY": "€",
    "YES": "Sí",
    "NO": "No",
    "OK": "OK",
    "CANCEL": "Cancelar",
    "CONFIRM": "Confirmar",
    "BUY": "Comprar",
    "SELL": "Vender",
    "PASS": "Pasar",
    "END_TURN": "Fin del turno",
    "ROLL_DICE": "Tirar dados",
    "SETTINGS": "Configuración",
    "RULES": "Reglas",
    "STATISTICS": "Estadísticas",
    "ACHIEVEMENTS": "Logros",
    "TRADE": "Intercambio",
    "AUCTION": "Subasta",
    "ALLIANCE": "Alianza",
    "TOURNAMENT": "Torneo",
    "CHAT": "Chat",
    "SAVE": "Guardar",
    "LOAD": "Cargar",
    "EXPORT": "Exportar",
    "IMPORT": "Importar",
    "FULLSCREEN": "Pantalla completa",
    "SOUND": "Sonido",
    "MUSIC": "Música",
    "LANGUAGE": "Idioma",
    "THEME": "Tema",
    "HELP": "Ayuda",
    "ABOUT": "Acerca de",
    "VERSION": "Versión",
    "CREDITS": "Créditos",
    "FEEDBACK": "Comentarios",
    "BUG_REPORT": "Reportar un error",
    "FEATURE_REQUEST": "Sugerir función",
    "ACHIEVEMENTS_BTN": "Logros",
    "STATISTICS_BTN": "Estadísticas",
    "TOURNAMENTS_BTN": "Torneos",
    "ACHIEVEMENTS_TITLE": "Logros",
    "STATISTICS_TITLE": "Estadísticas",
    "TOURNAMENTS_TITLE": "Torneos",
    "ACHIEVEMENTS_NONE": "Sin logros",
    "STATISTICS_NONE": "Sin estadísticas",
    "TOURNAMENTS_NONE": "Sin torneos activos"
  }
} 