{
  "COMMON": {
    "START": "DÉPART",
    "JAIL": "PRISON",
    "FREE_PARKING": "PARC GRATUIT",
    "GO_TO_JAIL": "ALLEZ EN PRISON",
    "CHANCE": "CHANCE",
    "TREASURE": "TRÉSOR",
    "TAX": "IMPÔT",
    "MONEY": "€",
    "YES": "Oui",
    "NO": "Non",
    "OK": "OK",
    "CANCEL": "Annuler",
    "CONFIRM": "Confirmer",
    "BUY": "Acheter",
    "SELL": "Vendre",
    "PASS": "Passer",
    "END_TURN": "Fin du tour",
    "ROLL_DICE": "Lancer les dés",
    "SETTINGS": "Paramètres",
    "RULES": "Règles",
    "STATISTICS": "Statistiques",
    "ACHIEVEMENTS": "Succès",
    "TRADE": "Échange",
    "AUCTION": "Enchère",
    "ALLIANCE": "Alliance",
    "TOURNAMENT": "Tournoi",
    "CHAT": "Chat",
    "SAVE": "Enregistrer",
    "LOAD": "Charger",
    "EXPORT": "Exporter",
    "IMPORT": "Importer",
    "FULLSCREEN": "Plein écran",
    "SOUND": "Son",
    "MUSIC": "Musique",
    "LANGUAGE": "Langue",
    "THEME": "Thème",
    "HELP": "Aide",
    "ABOUT": "À propos",
    "VERSION": "Version",
    "CREDITS": "Crédits",
    "FEEDBACK": "Retour",
    "BUG_REPORT": "Signaler un bug",
    "FEATURE_REQUEST": "Suggérer une fonctionnalité",
    "ACHIEVEMENTS_BTN": "Succès",
    "STATISTICS_BTN": "Statistiques",
    "TOURNAMENTS_BTN": "Tournois",
    "ACHIEVEMENTS_TITLE": "Succès",
    "STATISTICS_TITLE": "Statistiques",
    "TOURNAMENTS_TITLE": "Tournois",
    "ACHIEVEMENTS_NONE": "Aucun succès",
    "STATISTICS_NONE": "Aucune statistique",
    "TOURNAMENTS_NONE": "Aucun tournoi actif"
  }
} 