{
  "COMMON": {
    "START": "スタート",
    "JAIL": "刑務所",
    "FREE_PARKING": "無料駐車場",
    "GO_TO_JAIL": "刑務所へ行く",
    "CHANCE": "チャンス",
    "TREASURE": "宝箱",
    "TAX": "税金",
    "MONEY": "¥",
    "YES": "はい",
    "NO": "いいえ",
    "OK": "OK",
    "CANCEL": "キャンセル",
    "CONFIRM": "確認",
    "BUY": "購入",
    "SELL": "売却",
    "PASS": "パス",
    "END_TURN": "ターン終了",
    "ROLL_DICE": "サイコロを振る",
    "SETTINGS": "設定",
    "RULES": "ルール",
    "STATISTICS": "統計",
    "ACHIEVEMENTS": "実績",
    "TRADE": "取引",
    "AUCTION": "オークション",
    "ALLIANCE": "同盟",
    "TOURNAMENT": "トーナメント",
    "CHAT": "チャット",
    "SAVE": "保存",
    "LOAD": "読み込み",
    "EXPORT": "エクスポート",
    "IMPORT": "インポート",
    "FULLSCREEN": "全画面",
    "SOUND": "サウンド",
    "MUSIC": "音楽",
    "LANGUAGE": "言語",
    "THEME": "テーマ",
    "HELP": "ヘルプ",
    "ABOUT": "情報",
    "VERSION": "バージョン",
    "CREDITS": "クレジット",
    "FEEDBACK": "フィードバック",
    "BUG_REPORT": "バグ報告",
    "FEATURE_REQUEST": "機能提案",
    "ACHIEVEMENTS_BTN": "実績",
    "STATISTICS_BTN": "統計",
    "TOURNAMENTS_BTN": "トーナメント",
    "ACHIEVEMENTS_TITLE": "実績",
    "STATISTICS_TITLE": "統計",
    "TOURNAMENTS_TITLE": "トーナメント",
    "ACHIEVEMENTS_NONE": "実績なし",
    "STATISTICS_NONE": "統計データなし",
    "TOURNAMENTS_NONE": "アクティブなトーナメントなし"
  }
} 