{
  "COMMON": {
    "START": "시작",
    "JAIL": "감옥",
    "FREE_PARKING": "무료 주차",
    "GO_TO_JAIL": "감옥으로 가기",
    "CHANCE": "기회",
    "TREASURE": "보물",
    "TAX": "세금",
    "MONEY": "₩",
    "YES": "예",
    "NO": "아니오",
    "OK": "확인",
    "CANCEL": "취소",
    "CONFIRM": "확인",
    "BUY": "구매",
    "SELL": "판매",
    "PASS": "패스",
    "END_TURN": "턴 종료",
    "ROLL_DICE": "주사위 굴리기",
    "SETTINGS": "설정",
    "RULES": "규칙",
    "STATISTICS": "통계",
    "ACHIEVEMENTS": "업적",
    "TRADE": "거래",
    "AUCTION": "경매",
    "ALLIANCE": "동맹",
    "TOURNAMENT": "토너먼트",
    "CHAT": "채팅",
    "SAVE": "저장",
    "LOAD": "불러오기",
    "EXPORT": "내보내기",
    "IMPORT": "가져오기",
    "FULLSCREEN": "전체 화면",
    "SOUND": "사운드",
    "MUSIC": "음악",
    "LANGUAGE": "언어",
    "THEME": "테마",
    "HELP": "도움말",
    "ABOUT": "정보",
    "VERSION": "버전",
    "CREDITS": "크레딧",
    "FEEDBACK": "피드백",
    "BUG_REPORT": "버그 신고",
    "FEATURE_REQUEST": "기능 제안",
    "ACHIEVEMENTS_BTN": "업적",
    "STATISTICS_BTN": "통계",
    "TOURNAMENTS_BTN": "토너먼트",
    "ACHIEVEMENTS_TITLE": "업적",
    "STATISTICS_TITLE": "통계",
    "TOURNAMENTS_TITLE": "토너먼트",
    "ACHIEVEMENTS_NONE": "업적 없음",
    "STATISTICS_NONE": "통계 데이터 없음",
    "TOURNAMENTS_NONE": "활성 토너먼트 없음"
  }
} 