{
  "COMMON": {
    "START": "起点",
    "JAIL": "监狱",
    "FREE_PARKING": "免费停车",
    "GO_TO_JAIL": "进监狱",
    "CHANCE": "机会",
    "TREASURE": "宝藏",
    "TAX": "税收",
    "MONEY": "¥",
    "YES": "是",
    "NO": "否",
    "OK": "确定",
    "CANCEL": "取消",
    "CONFIRM": "确认",
    "BUY": "购买",
    "SELL": "出售",
    "PASS": "跳过",
    "END_TURN": "结束回合",
    "ROLL_DICE": "掷骰子",
    "SETTINGS": "设置",
    "RULES": "规则",
    "STATISTICS": "统计",
    "ACHIEVEMENTS": "成就",
    "TRADE": "交易",
    "AUCTION": "拍卖",
    "ALLIANCE": "联盟",
    "TOURNAMENT": "锦标赛",
    "CHAT": "聊天",
    "SAVE": "保存",
    "LOAD": "加载",
    "EXPORT": "导出",
    "IMPORT": "导入",
    "FULLSCREEN": "全屏",
    "SOUND": "声音",
    "MUSIC": "音乐",
    "LANGUAGE": "语言",
    "THEME": "主题",
    "HELP": "帮助",
    "ABOUT": "关于",
    "VERSION": "版本",
    "CREDITS": "致谢",
    "FEEDBACK": "反馈",
    "BUG_REPORT": "报告错误",
    "FEATURE_REQUEST": "建议功能",
    "ACHIEVEMENTS_BTN": "成就",
    "STATISTICS_BTN": "统计",
    "TOURNAMENTS_BTN": "锦标赛",
    "ACHIEVEMENTS_TITLE": "成就",
    "STATISTICS_TITLE": "统计",
    "TOURNAMENTS_TITLE": "锦标赛",
    "ACHIEVEMENTS_NONE": "无成就",
    "STATISTICS_NONE": "无统计数据",
    "TOURNAMENTS_NONE": "无活跃锦标赛"
  }
} 